engine_displacement,mileage,car_age,repair_cost,fuel_efficiency,car_price,model_type,transmission_type,interior_color_code,vin_id
0.5609194479412387,-37.00110298821277,-0.29548031802916036,-0.6484567101071179,1.598647170504717,224.4339539653779,1,42,-2.672282608391082,405
-1.0243876413342898,-92.6930471578083,-0.2525681513931603,0.09964061383151263,-3.2412673400690726,112.61606966012954,1,42,4.022140903898239,335
-2.650969808393012,10.643022769189683,1.0915068519224618,1.5307250890338442,1.5039929885826886,212.4992003047874,1,42,-4.58215287199568,209
-0.8505204542093001,-13.845598398377382,-0.5805234498047227,-0.322367815519169,-0.20902325728602528,378.05299626631984,0,42,-5.4534904988846336,22
-0.32267983884213575,-75.67950885694607,-0.25083301645504735,-0.57449380721347,1.5013336519554867,91.64076267799268,1,42,2.8305456948339502,678
-0.6237689606958051,-103.99059271255308,1.9140313538667861,2.163846382877699,-1.0534155631736561,342.94417039004645,2,42,0.0361527460492292,611
-1.5137143926128271,190.11906857530073,,0.04905340927435707,-0.7084067669104628,297.55823915521177,1,42,4.259506957160951,208
-0.7677975651041284,-134.44505110342772,-0.03468488738678118,-0.2584483231049032,-1.0041407667520679,42.92120294104893,1,42,-8.561063515111917,8
0.9725544496267299,70.77519354554754,0.6218099622171964,-0.814831415565162,0.632407739055521,319.3592532192053,1,42,-5.602695964474252,702
-3.6711328879673992,173.88996637975788,-0.8304444065565653,-2.2270103105113304,0.08531814256502405,508.91731752854395,2,42,0.057328239376626,687
0.6103702654334648,-82.89950109220723,,-1.3312297927140704,0.7472936051232618,280.1324588229959,2,42,1.6706947939351462,785
0.3411519748166439,-88.95144296255233,0.27669079933001905,0.4996817006842301,-0.0771017094141042,147.39966985027377,1,42,3.387988350757834,529
0.647195939702741,-25.73765374233451,-0.483186462299374,-0.46562791744585086,0.39922312260527926,235.78934943371002,2,42,0.6992710752351107,602
-0.01208894784605456,-12.75491203775342,-1.252393444413119,-2.4821988537379585,-1.4511756900515589,549.7827653224231,0,42,0.6586206214342759,653
1.5230298564080254,49.67141530112327,-0.23415337472333597,0.4585951260151423,,582.9840642595398,0,42,-1.557606172120794,657
0.7094518171390395,-9.053328230416078,-0.43548637056984335,1.0259204167232205,,378.3389734877193,2,42,6.3636196196180705,166
-1.3810446031537749,107.29780477660118,0.30381859560487573,-0.35543874023243527,-0.7859860326349823,566.8567401549627,2,42,-4.412093821881991,849
0.44381942814622843,-48.423407286625135,0.7746340534293368,-1.1212746146249044,-0.7076694656187807,573.2977921110103,0,42,1.4360806102237555,496
-1.0577109289559004,-60.17066122293969,0.822544912103189,-0.0510904552193614,-0.013497224737933921,574.6001504817028,0,42,-3.9512353383520793,590
0.06980208499001891,46.210347426327075,-0.3853135968617602,0.546209749305286,-0.6002168771587947,559.7448860415521,0,42,2.1391141832200384,429
-1.0065425652796411,-29.540141013902943,1.1398785611290454,1.4604327074380103,1.3175975356079597,537.0055757183916,0,42,-4.148070277551065,774
0.26739231407190295,-9.888965319114266,0.3216978061960136,-0.665074441054668,-0.29027454418865134,428.3857459932892,2,42,2.9752627940018326,163
-0.42930222451725997,-132.0022511220706,-0.692420979873856,0.967235353865657,-0.03703679704841202,77.36911909227078,1,42,0.4484197872980683,366
-1.1065259087416703,184.8956094945345,2.5733598032498604,3.406967908526287,-0.26888869055483056,4388.840280563627,1,42,6.978556693034726,526
1.5655240292343404,-152.31869047837748,-0.0657502610729878,-0.7856062721350313,0.37721187506452086,144.90619342322424,1,42,-1.1240785890863425,239
0.08840688629184736,-45.322804932727514,1.4775300810552618,0.4387340618792428,0.9553052085705107,576.776283463288,0,42,1.699864464990181,72
-0.637739984251316,49.24512640081491,-0.5309969550018176,-1.0176255013809437,2.4553001399108942,558.8725844270807,0,42,-3.1186251218428387,445
1.1401490385212665,-111.14579569370319,1.5805406865683735,0.7570997738661529,0.49822174849678513,270.2523495412056,1,42,-1.151572025765178,655
2.463242112485286,-191.87712152990414,-0.19236096478112252,0.7966492361035458,,830.5981603456182,2,42,0.4229979177774113,822
0.152354872033722,-69.47131310890582,,0.425329060476594,-0.5240883979345925,251.85109239131114,2,42,-6.108879689885496,509
-0.8353470532597573,124.77420726737338,2.1451491277733883,2.593198071569298,0.27899416222380197,605.5993636491949,0,42,-5.670495736739088,795
-0.5711789897827968,-28.110029288595488,0.5725827813561586,1.1316313682716268,0.6408428612670098,468.5023187597145,2,42,2.3994371993425805,269
0.9503075919735757,-161.6310608436588,,1.7145270681937321,-1.067802921579193,1147.3769210004907,2,42,-0.5843472861267184,753
-0.8206823183517105,-97.46816702273215,0.9633761292443218,-0.2886846404136829,1.158595579007404,1116.2213385228279,2,42,-2.3717061321920876,415
-1.489293737630613,112.10306673244715,0.15519068385897913,0.5045110774710996,-0.009300321138614417,334.835865551183,1,42,-2.9479447216670227,245
0.09933230542922587,75.5391225825756,0.751387123371789,-1.5727115575372665,-0.977555244798551,363.5117328702323,1,42,-2.793955182894775,675
0.026091050210833786,-184.08742313316452,0.517659020469123,-0.9028283577215599,-0.6248185776956788,38.49913918555407,1,42,0.4502028600329145,60
-0.13263374638257355,-24.125765461854247,,-0.07485338593484707,1.8998819348952156,514.951082630126,0,42,1.780143456464759,6
0.3824097461840506,-4.946370965243295,0.1664522082130561,0.5513683793249808,-1.1227220215622986,549.622786837635,0,42,-8.368428918500896,709
0.5906548306923093,184.67073257360335,1.1087035805829077,0.7851471224367567,-0.35929209078705954,4174.736828451442,0,42,5.651336227079568,982
0.9694572005267368,-102.76751409259582,0.42719436187168486,-0.22543692931533033,-0.8661748482145009,289.9425840623624,1,42,5.36680305176797,570
-1.5839028234857233,-188.9540730945531,0.7604146561442974,0.21891384742240028,-2.4238793266289567,128.48189411526909,2,42,-9.322619054187598,817
3.8489787524918335,110.70806692869728,,1.3694409764241042,-2.172669546014036,2524.5883877099377,1,42,4.3437067852911895,407
-0.7050118557584089,-120.96410186912054,-0.05576907765770601,-0.42864744000630534,0.4190190093660452,504.71211231693917,0,42,4.22087540532417,217
0.49774308909139425,-32.06676255571917,0.6659242520544614,2.2819810236870968,0.23007075919140207,485.04544971314033,2,42,0.0017819767501804664,930
1.0584244868495878,136.86315575323488,-1.7587394864231143,-0.6129745155973579,0.6860514599984393,394.47720198227734,2,42,-5.188674487539505,26
-0.6057149230033384,67.7925871339269,0.742095372009307,1.0512136437556758,,394.7221426831072,2,42,4.060912366660289,815
2.0599471752050458,32.13572154502731,-0.24415663529064868,-1.3889222185535146,1.613711269058647,425.22728993923624,2,42,-0.9649242651894057,5
-0.14760258629866868,14.088624691120394,-0.46603650186824225,0.562408959905033,0.32316771418478146,136.7839687330836,1,42,2.1955153752758254,986
-0.6414869090443096,-66.19821777966091,0.487872284871074,-0.10347274985164007,0.01914777741575206,331.72651489541124,2,42,8.876805087847114,532
-0.3570292008066094,-29.396694766418225,0.8903831635197862,-0.48213322718987084,-1.5178737466808094,478.4372334589972,0,42,1.0073470024944753,390
0.9039348410861953,-107.21390119856069,-2.3629324355418384,-1.3775023353540934,0.4365598041576678,-99.0,1,42,-3.6675387668742476,710
-1.3659557112005343,105.99363840466218,1.2119439853864005,-0.4183908722574192,0.6835693232004776,631.7659605135613,0,42,-1.3429239796788868,571
-1.3230897934074983,-99.13923494563072,1.642015160136369,0.5513706659795131,-0.6389617476895022,274.9355255984718,0,42,-3.1577814409639506,448
6.779772975990106,36.73655068161781,-0.2711236010425688,-0.22701479230296642,-0.8031789506803448,632.1245183983956,0,42,1.73395886979409,754
-1.1254890472983765,65.43656563540577,2.4457519796168263,4.175023007808189,0.2799686263198203,354.26632794860507,1,42,-3.224270234999219,146
-0.44643361455052827,27.902152577033924,,-0.6869157557924875,0.1866091231563581,1329.3856466526302,2,42,-1.8914056893985727,388
0.5705986685931593,-166.94052811213717,-0.7632591565425169,-1.0688238445345888,,1266.47379656976,1,42,-5.137721497630399,785
-0.0033744574109520514,77.83610761666378,,0.7323450544216452,-0.8181988834223072,511.70501619654357,0,42,-0.5283480220765739,249
1.1126883749899252,-102.93715081820716,-0.6292633936927887,-1.741706403330277,-1.5223591862178911,840.3174587456311,2,42,0.7070191732081984,526
1.5646436558140062,36.139560550841395,-2.6197451040897444,-1.6529897022508802,-0.03582603910995154,344.5622876096577,1,42,-10.73915218846997,462
0.19473619471877485,59.355672228086185,-0.018708756445897416,1.19095980245987,0.655900776529761,126.0380994930373,1,42,1.0382942459208837,13
-0.4070363129267805,73.07641190665245,0.6863184569567008,0.2419598808542594,-0.9539394193966448,323.23542395633467,1,42,-0.18280092438711734,903
0.15175799224874037,98.73345165891018,-0.835142901630023,0.3580399600928471,,550.8785529829304,0,42,-3.0599677950245097,384
0.5040465155178444,-6.267909727317187,-0.5302576183724408,-0.13275617148614643,-0.9857260463355437,308.848601532342,1,42,8.114515697079492,556
0.23225369716100355,25.049285034587655,0.29307247329868125,-0.49622398516483557,-0.6800247215784908,407.446877692713,2,42,3.8339061104190186,887
-2.081929407883722,60.60099513456396,1.6964563682900382,1.1593604087355243,1.7547941819843647,479.36438161156104,0,42,-4.385609944605606,399
-0.08912003951278841,38.40654489393073,-1.3044695005048532,-1.4233329403841246,-2.0674421000398766,218.27933843400479,1,42,3.3529475182845614,19
-0.09917586377938291,-128.03043986708943,,-0.08763825781647754,0.650201177958661,384.06186748817214,2,42,4.977992304084231,575
-0.2646568332379561,82.71832490360238,2.720169166589619,2.3288532324915234,1.4535340771573169,505.9659537588344,2,42,0.5280836904702289,491
1.0324652605511468,-126.08839543350452,-1.5193699659540134,-0.6272960377913538,2.1221561970126332,473.7384537842516,0,42,1.4457681477893014,751
-0.9885911071509175,-28.067507686677406,-1.103589317215771,-0.37420320418548114,-0.09833962679474989,308.3630145730599,0,42,1.3533866676863637,419
0.5008444749444569,173.25149994850918,,-2.431713571262148,0.6380511014407572,776.3067077034175,0,42,-8.343263435693155,337
-0.7557451594928447,-66.80904536430488,0.5365098435704035,0.3318996860842961,-0.17495975669540864,256.5259264624836,1,42,-0.747478387401597,419
-1.245738778711988,-44.65149520670211,0.173180925851182,-1.3708771727258169,0.21409374413020396,250.13751628335876,1,42,-0.9556513679361146,915
-0.45209033283308037,-125.04077339697174,-0.4700421477595015,-0.651760970674927,0.8823330623234091,415.81288153872094,0,42,5.720622546239513,916
0.9983108981479604,-32.232046921133986,-0.4316203127180484,-0.46908583798535874,1.5213160519224513,453.63826481128353,2,42,1.3349114542474922,612
0.04852162794482699,-48.7125383764696,,0.976148358084709,-0.863990769679816,1084.7760666624124,1,42,-1.1904438484667792,675
0.046980593764742055,-159.4427658794367,-0.45006547147924364,-0.39016784428349455,0.005243699718183166,321.9691767813616,0,42,-0.360498963964045,928
0.4865016438262019,5.664992489710716,,0.25921801834326,-0.07049877805909122,2495.7078090383366,1,42,4.0935423265096045,122
-0.6819842479977986,20.83828079475525,-1.0016200098949155,-0.008239627258503357,-0.24717738252059693,88.60915224699289,1,42,-0.738338652981262,432
-1.1958830620351844,58.85784044206096,0.4446026682201407,1.5834343943954126,0.3946715298229811,655.4141373522476,0,42,-2.7927821323664364,44
-2.0179744795515004,-51.0016398854747,0.3773004930448522,0.17882647107897132,-0.9787637157823074,447.50862366742837,0,42,-1.1028087716834656,872
-1.8707919210258557,-40.80753730215514,,0.09417944168040884,-1.008086310917404,111.61122736794908,2,42,3.7627845752907287,920
-0.4622752887050425,93.82838059759978,-0.4344962274323156,-0.33757367970359875,0.09612077694098337,2007.2666503141077,1,42,1.9846596223917452,317
1.044160877069072,252.69324258736216,0.6818914896263114,0.0029142272699729244,-0.48943944251822213,3794.2321037693355,1,42,0.1770718933964553,381
0.2502002062516945,105.19476177229186,1.9956674897839644,0.8274187683847818,,335.34433939227256,1,42,0.7661571977793206,145
1.053802052034903,35.77873603482833,-1.377669367957091,-3.374021410791608,1.083051243175277,568.686576089977,0,42,-2.238969894381928,327
2.270692857804396,33.84964074944141,0.18186625505849516,-0.9311679304775335,0.6327818661062848,2765.730895534972,0,42,-0.7757976017706145,363
0.05194588580729943,-7.160125941406395,0.7326400772155792,-1.19251877143734,0.7276295436369798,2240.5906155967805,1,42,-2.653217287098069,50
-1.237815498826849,11.351734525124805,,1.2551984844532522,1.586016816145352,611.7017070054974,0,42,-1.1791171371989742,65
-0.1891203907770335,10.435593752321292,0.9216501119244593,0.925736097836996,-1.3303136257389898,463.92270879886274,0,42,5.384713054506499,355
-0.11453984525261789,-46.91756521047048,1.2378163119734618,0.8643140766319358,1.3538723741654128,250.20162137599874,2,42,-4.31148724550876,800
0.7903718960517113,81.32051867479773,0.34005129456889044,-0.44544415042596935,-0.2797601684958344,2669.7412656350134,2,42,-2.75487066569166,164
-0.30372602877666466,82.50982646676347,-1.345870923473215,-1.046917475543948,-0.6581164890752567,1756.4545199564561,2,42,-5.0171954517430075,141
-0.8275902206487197,69.3105607263144,0.08614388304637476,-0.7790647712182344,-0.3670278390833223,1295.5694299550369,2,42,-5.883635028750393,966
-0.016422896072752075,179.45578635177876,1.188393273448084,1.1247331753790708,0.2237879516388985,3511.206098617083,0,42,-0.7470876567811658,826
0.2034636358672231,-12.791759148076654,-0.7563507452843033,-0.3593466133060893,-1.6064463202575725,243.75065343382937,2,42,-2.4704367272031464,128
1.5774532797634744,-30.777823495300083,,-0.8613837023567438,0.24938368371075526,551.9475331021072,0,42,7.046755723168769,398
-2.013382489730688,-15.852957302697002,,-0.8804619648224059,,286.32579100953177,2,42,-1.1313861847111732,933
0.37114587337130883,-79.68952554704768,,0.9621993545951174,-0.2030453860429927,338.5988954177959,2,42,5.157587453720097,880
0.3436182895684614,-71.98442083947086,-1.763040155362734,-1.4632920785814876,1.0571222262189157,223.1985021919166,2,42,3.872025899762534,463
-0.6269670577877674,-70.31764251258875,1.8124485579969287,0.6689384171326523,1.77080063563551,9520.24679772537,2,42,-0.8358166208960564,751
0.2010990467149675,36.49610024662254,1.050654396007612,0.4700172151165706,,479.17268992926597,1,42,8.440542328342492,836
0.8135172173696698,154.99344050175395,-1.2308643164339552,-1.9952855398537714,-0.3220615162056756,567.5865654168986,0,42,1.074135945859235,808
1.5007597906343109,-49.37565831613125,0.8502217421134929,0.6129938130288775,-0.4281151609659125,1476.3515804017534,1,42,6.0520370640159555,187
1.1792971840638264,-74.84865365565537,0.06751848141010895,0.8856430927925556,0.11567463429285867,337.7096049474265,1,42,5.5863875663250555,720
-1.7397137787780996,77.16987106483447,-0.36244094140313216,-0.31762342071676714,1.1487657003721035,335.0362133993313,0,42,1.6585919404191307,732
-0.21910052880886424,1.84183791895517,0.8294055811834892,3.027157908622176,0.32692737376416264,402.61574992246483,1,42,3.0045233912234024,912
-0.07443342910004629,-157.02247198904564,,0.42135956804900154,-0.24751863555150475,202.80770870003985,2,42,2.496285660477903,190
-0.4694743859349521,-23.413695694918054,0.5425600435859647,0.664002482710984,,594.8437311919354,0,42,-4.577045725566832,388
-0.8583577801812136,263.2382064837391,0.7003098794089914,-0.3480542274386126,0.1848361236948739,4049.101921932202,2,42,0.2291614178120651,429
0.8657551941701215,-79.25207384327007,-1.2002964070557762,-1.198770572487288,0.5049872789804571,287.0114720811127,2,42,4.296988935778641,858
0.028318376130461172,105.31528533329035,0.02975613949574519,-0.7552089314370961,,455.18502758635145,2,42,6.104745269446647,284
-0.8392096673390064,53.8296079049633,-1.0448091940210336,-3.0014925836209505,-0.3649527295428853,2610.556870837196,2,42,-2.882558687327799,864
0.020793707675407894,-100.97307047099375,-0.7280029412291344,0.3918598691455001,2.0574954697116987,206.51180761091052,1,42,2.1153252072520794,237
0.5500520990245519,94.07711879882159,-0.9683444548636353,-1.2861261194411395,,360.6291081877286,2,42,0.603480853110138,194
-0.543424771133765,-57.366200688023625,-0.7128457826771644,-1.3306767004750375,-0.03275327021599839,234.20799826218519,2,42,-0.4714962583263825,287
0.2871241652018242,70.82144232565571,-0.6124373746404379,-0.2793798657538855,0.9531366339132451,579.6357651992798,0,42,1.424010516900105,771
0.4523717962497339,2.4219456672758066,-1.0623935281468797,-0.33741527029598684,-0.07964139124571515,337.39127499800554,1,42,0.8719896426645494,758
-0.6771617115121117,-1.2246772846914622,0.9751197334177512,0.45932095382792226,0.07580455819372633,284.79399661741843,2,42,2.165630275490353,136
1.4415686206579004,83.56921120651418,-2.4716445001272893,-1.9799172677108499,0.5298041779152828,467.20893128835485,0,42,5.766867043800208,792
1.0240625258114624,200.6092888159123,0.5925269492011831,1.2202089666753495,1.2083662305931424,629.4074446557709,1,42,3.1365103634588016,783
-1.0909664302151982,-166.24919880356742,,-0.36019359460994765,1.1267051368275833,154.97710383181868,1,42,1.2423650354908107,171
-1.2968319479558466,66.28812686674127,0.3996879517526416,0.6220841031654474,0.18102155870370695,625.5729447107544,0,42,7.4585002272923155,159
0.02538842054241018,85.9587886979802,-1.9196731561976563,-3.1949831433472755,-0.04541121793223822,240.32803280222487,1,42,4.439718383521344,201
-0.45709625658627184,-2.7514905050636256,-0.6022120603617805,-1.723088646717173,1.66125921454787,471.9677492296471,2,42,-0.3695937544133934,487
-1.8665399513606162,132.1304032273012,1.0075136898369221,1.4115507299499415,-0.6004235657387051,429.73831368115884,1,42,-4.868481609411621,557
0.2606737658239071,-62.55627015095294,,-1.2935586391672984,,1938.6610608410824,0,42,-3.951322723681862,962
-0.43676423723821745,-36.95269288333586,-1.6065771007386793,-1.0511241334776475,0.8260471714415063,1557.2159023866022,0,42,3.7329297932625365,776
-0.09605989972464987,-57.56378262377739,1.1492733262856758,0.7724198788314679,2.5600845382687947,2163.0680291706567,1,42,-2.521249917011925,583
1.1428228145150205,30.154734233361246,0.7519330326867741,0.23707916362919051,-1.168678037619532,2617.675585387019,2,42,-4.032221908447792,504
0.23070090571868349,-17.58544044320712,,-0.8284627689677282,0.020886488295961788,565.9501506817725,0,42,-3.032341306748798,876
0.6105857452838231,17.770100093325382,0.5597904479310398,1.3571723764502075,0.3801978510059632,212.9165067559934,1,42,-2.7495372483628002,371
1.2382830714336357,-65.1356893791829,0.02127157673606165,1.7469084159086847,,457.9349950196977,0,42,3.402590671129004,103
-0.82688035403986,-10.015407647995278,-0.22647889190152676,0.11900904907897303,-0.877982586756561,191.23328438801366,1,42,-0.6269683031291043,125
0.20965941527462578,18.384954475369486,-0.49163618563204736,-0.07081823283282068,1.2389463529394373,495.2000148896057,2,42,-5.489498401197623,313
-0.553649305347182,-79.28728322623442,-1.1978778925888485,-1.6406329439285727,-1.035242322419374,1117.404560954663,2,42,0.12417959104942679,976
1.2557561255735208,-30.917212346863938,-0.8946073022195039,-1.911783073599983,-0.4787486216634773,505.58306038321115,0,42,0.889064529792967,995
0.924027019206901,-30.95464393139903,-0.18490213644298903,-0.18766061396056577,-1.251113576385303,256.10045349703927,1,42,-1.9173474457634065,798
-1.6135613978767411,-17.294605992342298,1.4711703274936085,0.20318661403681093,,580.4003741272959,0,42,4.6235403367708,458
-1.6834381922209503,139.5683810789956,-0.8058700664961888,-2.4173061815127728,-0.20922187374452778,263.54922076389164,1,42,-1.6837555427691386,230
1.1873860515647512,42.83070972076486,2.589563642018614,2.8750967259804736,0.985729995679863,394.7355799674821,1,42,4.4333507465486015,658
0.12320480678448567,-84.32465953161918,0.5514853760404675,1.2933550890842072,-0.1758858124323366,599.3136404954331,0,42,2.3871311186999056,882
1.2784518626072987,36.867330887290116,0.19109906801990334,-0.7059595185371716,,547.895320968721,0,42,3.7064220321776284,197
0.3336621052869483,7.156623721939247,,0.24396432127924425,0.47897982574639186,286.0556527174542,1,42,-4.3942033632255795,885
-1.3459796802467485,58.66938014752747,0.12637957954641182,1.1030559314288961,0.8712972974572442,336.78692831334786,2,42,0.39324076895241034,733
-1.5031429531181062,-33.57846992901282,-0.24574306408594432,0.008432235793123438,-0.2595913513636048,396.61628568037105,2,42,-0.2113120182990762,423
-1.7033824393551547,7.409478041977518,,-1.1931546460987335,-1.3801014582148914,553.086396333387,0,42,-5.688026099630132,572
-1.2110161997624567,63.85924587773739,-0.6518361078021592,-0.754362299478826,-0.06607979864731657,1308.8044673452132,2,42,4.4202429192116375,610
-0.7153037092599682,108.89505969673661,0.6795977489346758,1.8704876191897317,,350.1069467016076,1,42,-3.2696035876293994,171
-0.2590421458207031,43.00416471910696,-0.19634984908497827,0.08994676433713028,0.23878915902651351,346.7160629806489,1,42,-2.4382713153439313,382
0.2337859117907477,-122.39402667622565,-1.5558956462036273,-0.7055844137800966,-0.7699732310586418,1102.5358914882627,2,42,-4.0532633423909035,173
-1.0021874557814727,-54.411400211419256,0.7408243454201259,0.934288695705215,0.04091917539572113,286.87080054251754,2,42,2.804745304281493,663
1.1096998419562232,35.06300992735592,0.40981865692851255,-0.5276564324354432,0.6347214685617699,463.8683015299815,2,42,-6.103718875090383,453
-1.5811907020321334,-158.41359430054897,0.8950383140761154,0.09518543197824958,0.5087250232299338,138.54431889251924,1,42,2.4714992018582724,350
1.0560568090660518,137.44380931708173,0.22323891412915967,0.5174562883550701,3.1377485336599937,294.97458989577086,1,42,4.178055944973843,902
0.7109599682034915,71.2998430172388,0.44426331148603976,1.1722824292092398,-0.3748208075495975,420.9804894223969,2,42,2.148713710503042,952
0.22391413406466143,44.047473796039895,1.3641404299738442,2.1912172948969584,0.5524899544171478,600.6304125868796,0,42,2.850513935385716,634
0.6241198170521551,-121.41886127877322,0.6283455092642799,-0.3554291373567695,0.7916626939629359,285.4467708789863,1,42,3.038185878312171,494
1.2816437950037687,-61.63614080394775,0.5576910607251245,0.8792733832572933,-0.31771509675623405,1720.5262665385212,1,42,-3.7976973069030566,620
-2.5081902214504352,-57.07462937494763,0.6329318177555108,1.6933895659233853,0.4714155563864041,166.5628552609607,1,42,5.738939918657376,4
-1.356581804623405,79.42646796218271,0.46642998243352635,-0.6139377843412014,0.2935579321666293,454.9930488502624,0,42,-1.8403050165339945,93
0.9843223984765838,23.421473253652074,-0.21398884422550896,1.3155560604193668,-0.998354040738791,654.8658288343828,0,42,-0.2655504703598877,919
1.2897527540827456,-176.07627591558176,,1.6389408273441899,,326.7068019116682,2,42,-1.3305492734038362,6
0.8925973382993092,-68.4629825760004,-1.2111719292807812,1.6561487961970356,-1.9701038177118355,478.84160434090035,0,42,1.9661684835092372,288
-0.16306696394376388,107.01502383164274,-0.7449026448064491,-0.3649886750151646,-0.8818746512277178,297.9056579039566,1,42,-2.152148972549689,618
-0.5924642591528942,96.48516330974576,-0.02640575695892703,0.21530007069530696,-1.234348871879922,677.6647714070335,0,42,0.2676628969494745,146
-1.2932729578711637,180.4348109786743,,0.8269943891173177,0.7197579421481819,581.5720693607444,0,42,-4.94137526858402,783
1.1692955904456728,82.0482181197364,1.3821589910375272,1.9035298658794384,1.066674689589154,693.4927183367026,0,42,4.6586608340062865,424
-0.37144086599579146,124.6085192497629,-1.4075116947178212,0.00035750522134869733,-0.34268759408034877,400.63660626656633,0,42,2.6829637838008136,890
1.3668742674445247,-27.505169715164403,,0.7840331804651037,-1.5151910621985523,249.3801848238511,2,42,-1.169039047607078,608
0.9817654869915943,100.98170893426341,-0.32483138350862245,-0.3659270158449366,,588.5331827876258,0,42,-1.8765961201032413,457
0.48937456122791806,72.16720640432351,-1.2221278088919454,0.24429487385994575,-0.5245202662797737,304.1318097672927,2,42,2.5785129852707867,741
0.5150476863060479,-93.78250399151227,3.852731490654721,2.010931042831052,0.5137859509122088,350.55579514334806,1,42,-2.8291735225438472,202
-0.525755021680761,-83.9721842180776,-0.759132661553698,-0.601453792517582,-2.123895724309807,88.56295502130672,1,42,0.5014612630606761,212
1.4765403497258958,88.36599374866724,1.3800913541474515,2.6678086993677605,,446.4442155936438,1,42,4.645595149725624,6
-0.9811655311396816,-172.58067287905968,-0.46440426230938764,-1.6217699079678296,1.1941094030473725,508.64816795658817,1,42,-3.24502847654877,624
0.41293145427562433,-14.705738150213865,-0.5637245528039747,-1.128455299240343,-0.32138584165299344,281.75336609602164,2,42,1.4744033164808115,376
-0.32034730819432017,19.79107834626478,0.4241659464019164,1.0110800481988245,-0.48388583405432156,1980.5699397283552,0,42,1.262901067741969,891
-0.3431922754974105,30.805053950410233,0.6215718898560508,0.891169485120993,0.26912694124510733,2065.7137515502454,1,42,-0.38934727465073105,447
4.356996200407396,2.451017425894271,,-0.8750254076562449,1.4511436077950417,3342.3954082492464,2,42,-2.015158336415747,835
0.055724912288694604,-51.12156764311852,1.0941915184709485,0.45915921204661836,-0.12578692009964815,283.7235687323223,2,42,4.85918822757754,106
-0.7728776678236091,-38.851845308888585,0.4070522871245351,-0.855140232950711,0.9475264621228578,401.640098534009,2,42,-2.3902745430678647,651
0.5697672802322039,111.72958315881276,0.44770856001731496,1.3386518475344242,0.4567532191537839,412.2377466458322,1,42,-7.24815560451848,811
2.0997217891665154,26.58782296520485,-0.24702570074599667,-0.453501918267329,-0.06613261462582246,2424.8207731189596,2,42,2.5621343665241354,401
0.12029563171189886,62.28499323474988,0.514438834058749,2.2037069780076317,-0.1423794850212935,2036.126441661595,1,42,-4.805213399071336,96
-1.5642416117110514,10.589445311523423,1.617212574968624,1.3748703040149206,1.9764405845154855,339.5545027776005,1,42,2.767524579420349,388
0.8996985278352367,5.921843401448826,-0.14436041192394247,-0.3352286329420308,-0.024125087110003277,522.9234457981017,0,42,5.339612991373777,959
-1.1913034972026486,-71.43514180263678,0.6565536086338297,0.20842112561526616,0.4738329209117875,2483.4636396745323,1,42,2.518999513594697,452
-0.3011036955892888,73.84665799954104,,-0.24419983519242836,-0.11564828238824053,514.1858706962448,0,42,4.285645207549965,849
0.3230792731160291,-95.33286082587124,-0.2523535021262876,-0.09106170656722709,1.6246784584695606,215.82380508215402,1,42,8.080196427718588,809
-0.7001208149391732,107.36317498597721,1.1950466289248425,3.468444879718193,0.132969674146876,395.5499806476637,2,42,3.8670418504357866,979
-0.31305803052315434,47.240627788037735,-0.0007085945766459172,-0.33942654576067616,0.35561334878566,646.1516061926749,0,42,1.3222935705017431,901
-1.5256563145700948,93.25908318730899,1.262584103427182,0.7037138219704362,,461.721544550723,0,42,6.535792734094592,416
0.49568188797260465,-19.068240076334657,0.15041890514357642,0.18592896979803974,0.8700677306887542,535.2660451146194,0,42,7.019102179386339,726
-0.846793718068405,71.4000494092092,-1.5148472246858646,-0.12160327340443144,-0.07282891265687277,380.40611950608684,2,42,7.075087133037682,504
-1.7025836042378404,19.584525509768156,1.0291556373256436,-0.5976600512122642,0.40825275571447184,202.5944308345496,1,42,-1.9685740607840103,454
0.40171172209894146,51.93465142411723,0.6901439917111125,1.0072079302785353,-0.1087601484568576,427.59937169116563,1,42,-5.416073433993616,291
-0.10322175293249623,85.08979621679723,0.26536234939962844,-0.6051352965014593,0.3904648499288896,2584.2192194710783,2,42,-2.212768733739547,534
-1.3386057997232488,72.15625051261435,0.6929186230316111,1.107607587376238,1.4532606633210343,402.61595902633917,2,42,2.8145664631727003,193
-0.6891878180895679,131.73940656343257,,-0.49375994236045617,,448.9882146622948,1,42,0.6366357813284227,980
-0.06259312789952241,75.89285897867651,-0.7539645888666763,-2.9072740108506276,0.10420110395187607,321.9337390799492,1,42,-0.8259239407073883,150
-0.6078219870944325,131.71150673398654,1.2969945465611092,1.4071732399363728,-2.1218548990085946,445.72556581467796,2,42,2.2419255952197417,880
0.840620026504553,-2.2868062298882124,0.5467335682013793,0.7985316249079721,,227.91092980579373,1,42,-5.883220326693069,759
0.9567023167945841,13.354090478228231,,-0.5790803084794298,0.7081086766885905,522.2708944120781,0,42,0.5646771947661652,779
2.4849095231412375,11.732738330878199,,-0.6383438601430024,-0.5915713888358299,2820.716538158573,2,42,4.473830579391508,973
1.42274813609994,-58.27586576115821,0.9262154022415924,-0.5704004032943786,-0.13427916218630415,109.76960873261896,1,42,2.1972625782329143,763
0.014688194729197093,119.66314866456511,,0.7730999415388715,-0.1340171666729177,539.4409458051248,0,42,2.7672392873349145,515
-0.2453881160028705,41.27809269364983,-0.7537361643574896,0.27922685098081623,1.8967929826539474,335.40261167465866,1,42,6.389491159810059,393
0.594754341665286,243.97524063392729,0.8534155587803077,-0.19631843815164363,0.5639091200523596,5287.291139225523,0,42,-0.2645731394946679,316
0.6934789119139937,109.71527117536957,-0.3920126399191296,-0.8535445714741545,-0.8627757640431206,2557.222403553173,0,42,-2.6123666454013454,76
-1.169916835710288,-159.47030672667955,-2.8722622132816493,-2.361098891764283,-0.5327008396619114,147.06799065381423,2,42,4.758060170660168,599
-0.3286184757489846,164.26729532559634,0.6031874310823431,2.753415225901421,0.638391925608383,583.8445991649619,0,42,4.684482524135708,270
-0.7157599891107518,-91.61919154812425,0.6820520657126199,1.090763400159028,-0.06717829004935526,128.7748848776617,1,42,2.233166699023187,225
0.28869362927985703,-67.06202090766449,0.2603218387712207,-0.7351580439914027,-0.2500465145989528,311.5182833147518,1,42,-0.641484002329793,530
1.1618783026081905,-10.44492185374715,-0.9273531341905741,-0.4381021978619538,0.07005216311318138,490.05242171576697,0,42,0.005518604031940247,113
0.0917607765355023,82.19025043752238,-1.9875689146008928,-2.966746672318796,-0.29900735046586746,2166.071877656764,2,42,-5.107091808524347,251
-0.35316629281068834,57.963317321357565,0.33848384346169114,0.9887773846855238,0.19438430157733602,576.4002183769508,0,42,4.451786120828811,233
2.0236062192296393,208.95387216947734,0.006799844559997769,1.6809872691924836,0.18474057889572446,2860.249651007501,1,42,4.310605238116574,841
1.1254347844147694,37.64095260975166,-1.1894118928673278,0.7282621707900957,-0.8696630812746944,217.77447712736563,1,42,-5.246731001867135,791
1.4436320034688142,-1.3837746094237249,-1.2565068942792563,-0.2703120119490665,-0.493122822399772,457.30773213016533,0,42,3.4705283356245435,714
-0.718444221252436,23.20499373576363,,-0.5834123558681296,,377.9054707097364,0,42,1.6164066200360339,83
0.28328787154614216,118.76793884615637,-0.25890497370407733,-1.5080257354773878,0.2011596558728393,427.7479103244654,2,42,-4.087896441563185,125
1.6654744444625766,47.2597482413043,1.0143700650181304,-0.5887089913546047,0.9826909839455139,500.3696718756313,2,42,-4.824000804289878,175
0.6504500925361392,52.25141052657575,-1.503080301759818,-4.008681350906398,1.4015985929464294,573.5977107781979,0,42,1.4939730776068896,69
0.010233061019587049,144.12732890661155,-0.9815086510479509,-0.09135115783043923,1.1631637521549596,2030.326363647198,1,42,-1.5908164556276716,47
0.4735924306351816,-155.06634310661326,-0.9194242342338032,-0.8383749076114421,-1.0623037137261049,200.916917648266,2,42,7.2797954021986815,884
-0.36283856043965906,-51.72884501003722,-0.4455025214007718,0.5528141493325099,2.2988981236192503,2559.9301886364324,2,42,3.810393578595625,256
-1.830632896856457,-270.3232292999237,0.5112025995249807,1.8369935648547726,-0.6540756831274238,35.06168517352569,1,42,1.8947725469289098,727
-0.8022772692216189,-141.53707420504142,-0.16128571166600914,-0.02912302543039756,-0.3427145165267695,78.13269248177915,1,42,2.0923160160095775,30
2.334163082454195,193.89289990582847,0.17958178193959795,0.2896270352648285,-0.6777449705248515,361.8635349008297,1,42,5.32346872146867,281
2.1422703586118637,52.28354880354996,1.7275431701007113,0.9177141915831029,-0.02435459226098284,464.90935046484486,2,42,3.386072366909351,924
0.591814133741378,43.84757388097273,-0.3540407109410238,-0.6293169859252271,0.6728612359668199,400.1955542529416,2,42,1.99906575398409,994
0.6663125009092119,-108.58251288851855,0.4625912928539512,1.098542946756095,-1.148794035158656,473.91066486553825,0,42,-3.92104470519004,237
0.6585442726728304,-38.770155993598415,2.0102045387663496,1.4337886006477694,0.334456789987025,330.85140634561685,1,42,12.247787861624875,248
-0.3164084496948019,109.13101205942691,1.2130976999791834,0.6514704932305229,-1.092312764672579,3283.8410935782445,2,42,-4.4127310292329325,368
0.597400069849858,96.40871682883572,,-0.01831685944285117,-1.2276078151369925,3648.444229647697,2,42,-1.250170948400658,495
0.5345056484805503,310.9918556005361,0.8876554258738361,1.5964545367606586,-0.18319661872038787,689.02640841066,2,42,-6.61891310563999,25
-0.6526239793023909,12.810441491078928,-0.4461834332147797,-1.0496083044019264,0.8406435489887241,308.3135780122944,2,42,2.1551926350770487,586
0.1846338585323042,22.74599346041294,0.25988279424842353,0.14137771784670616,-1.6074832345612275,361.8897427966418,1,42,0.6044417491392298,718
0.4824724152431853,62.566734776500624,-0.2234627853258509,0.06650760951774903,-1.0708924980611123,233.35177038367652,1,42,3.06110575345904,490
-0.3079615296390403,-67.51782749743815,-1.8936146669537857,-0.3546698299777893,-0.7924199209999613,941.6681362545373,1,42,-6.956262524417736,494
0.4810092317367132,12.92211819752275,0.22388402427913137,-0.060189557376113756,0.725766623898692,553.2122694016839,0,42,4.451622669523727,314
1.2065089665083568,64.87098875896426,,-0.7178233860517221,0.14671368643332283,315.0009942897531,1,42,-3.2297416058784583,606
-0.4888494217862741,108.8748619704186,-1.1196174332890112,-1.3800548909035646,1.543243528272189,524.6795211895363,2,42,-0.5960207974554614,375
-1.7485319732381808,-13.43087414705478,1.3043402428781525,2.096529627317901,0.793488720552213,545.2529017615741,0,42,3.726285074724258,639
0.0678555105274033,108.00480657146485,0.8527736751222195,2.7155242387012404,1.281016361735113,2743.1521736452883,2,42,1.0450667365275976,937
-0.23401985910698136,-101.50941918278687,0.4663583744463345,-0.9406711141289652,-1.2575778589146163,568.9770469230787,1,42,1.3277702266674556,25
0.26256132900192497,-81.92578597214978,0.19358991136754436,-0.9404296859758217,0.8743891807127275,282.111058476013,2,42,3.196715279621597,334
0.31917451041918043,-145.75514994649305,1.3404504460231446,0.9035635701163703,,1474.206681506451,0,42,1.7151625597548972,355
-0.07016571145864703,108.07807255546219,-1.6609609335159914,-1.2178126507447498,0.4591800792284367,599.1104361399234,0,42,-1.3644316101948692,116
-0.7666565877833479,-60.58608207588934,-0.5495571359085801,0.34732385682813116,1.9925153531681183,305.1163713167769,1,42,-0.6658765129409157,48
-0.6056155397368641,-20.93236771518661,1.8260097135469362,0.5696747622360627,1.0399046873960764,493.0909079827479,0,42,0.847514714607291,738
-1.2391070756539009,-57.36017728969009,-1.46752526575244,-2.2371292492514163,1.5490201514951873,1279.7070642714157,2,42,-3.5822243741853392,778
-1.6019658118971685,163.99645293713928,-0.24606248812994858,-0.05876283737032903,0.0754336389015928,3137.774632158662,2,42,3.9840346375546787,99
0.8303358165442456,24.82205863003361,-0.8560838259088672,-0.9432677809342622,-0.8498443694647918,484.5784019035574,0,42,1.1546157232299363,459
0.645215585950057,-5.489400061628639,0.5556044660034485,1.3712045705742837,0.5211224283793383,314.4515839701497,1,42,0.29910507168787437,523
-0.413465161123276,144.84992298929262,0.26028050658288615,0.6955842084566927,-1.3260476860820383,337.7403223920137,1,42,4.769986236125884,597
-0.2716551103260533,-72.17375533372532,,0.5553793476332188,-0.5466800845872654,246.85286663262372,1,42,-0.48045457284547893,405
-0.9206735930793662,55.83269125217224,0.169360824036078,0.031007312851995858,0.5387559924463692,399.96554206024075,2,42,-0.729683988609668,214
-0.38817681854122876,-33.70859711180393,0.1704162223754877,2.491913236468596,-0.30246968648812833,274.64639110321104,2,42,-1.9385150560158575,685
-0.04865235157045115,-96.37589262106108,0.03279699541158651,-0.8115103852644907,0.34378788154988543,123.46225111190941,1,42,1.372268035703741,903
0.651391251305798,57.089051069316696,-0.3152692446403456,0.3585944380424985,0.9540017634932023,3243.297020108532,2,42,1.233800433326059,503
-0.7355299425897666,-141.37144969049803,1.2360931752104374,-0.28081544690475735,,143.69689998379914,1,42,-2.665136802039627,721
0.6592456684324051,21.329370737293857,0.9375701376265584,-0.32341156763820555,-0.8170886310681906,409.44415078594744,2,42,-0.7107759084536007,448
0.33126343140356396,93.12801191161985,0.9755451271223592,0.17309050293243233,-0.3092123758512146,312.0596122923235,1,42,-2.638409074076932,894
0.6897078052451944,174.95839042054206,-0.5029747705513431,1.2269435201769514,-1.2922626951056186,585.6488214490063,2,42,-2.819473815261962,576
0.49968511030293383,148.72461553359273,0.4720022709192744,0.6414962471894387,0.23940450053537707,486.9812092428074,2,42,-6.919591326907388,258
0.5578103063518622,-2.5026958745143917,0.010352619843380607,-0.5821959726696707,1.3902075490173134,595.3829041205273,0,42,-0.9236410147262215,844
-2.5357996453939617,42.15866106144557,-1.100154232971695,-0.5056870604227828,,2234.4907438403593,2,42,-6.808853064320045,121
1.8314587658543537,-89.8414671348358,1.179440120721287,0.9786999780015382,-1.3202332070206422,526.0770508512926,0,42,-1.8512627453580444,810
-0.23093453020867796,-27.27235697476705,0.6962063648134184,0.06499172271161491,-0.05429486651781221,67.07865433807027,1,42,-2.450778583510434,978
-1.1939250063990554,44.771692581027764,0.14294309476370676,-1.2822743799772622,-1.1267674689098053,132.35318790867916,1,42,4.207580229062417,54
0.24380071377119883,-50.20542243526111,-0.5640786307367284,0.9872795799229073,0.7083564472993533,239.8043549174514,2,42,-4.059739225238567,331
-0.668144085538994,11.327041053776446,1.8732977762175456,1.7084563496840786,0.9192289345752035,312.61533918240065,2,42,-3.044745539257902,784
0.8623934723827588,-97.1656734541286,0.9531250453760867,2.936238409769108,-0.6267172245899651,218.77333051401752,2,42,-1.5260965567662896,241
-0.5260348426675804,69.88284202025348,-2.1533429198712444,-0.7823527153561157,0.49201884799279927,372.7665849931202,2,42,-2.320574606011104,755
-0.36361221221385587,110.33018820165215,-0.056945623721067457,0.5057632257841884,0.1503017614618776,344.55649515815344,1,42,5.477019189687504,530
-0.194908280352681,8.958068125524882,1.1337700968670645,0.47181174887668464,-0.1512732836535117,374.7724111798387,2,42,-4.554269492198478,483
0.6833289928110694,88.7290837266742,-0.20931381957936157,-1.262796619520406,0.03793783544760203,295.57349797214806,1,42,-1.5176179959433678,187
0.8949243769444413,-124.38632353912851,-0.2949496782920278,-0.4536907271220695,-0.7184072655691974,108.52294562465116,1,42,1.328260996657626,858
-0.5975101946916416,46.206089325189645,1.4223698616985077,0.013603295152975425,-0.2515388860444957,3187.134213060661,0,42,3.5247333721680265,656
-1.4789115687741288,-259.104229214491,,0.6501903807307544,0.3918040054025465,74.72805432733207,2,42,-1.520966223720813,262
-0.44004448669698376,-124.77831819648495,0.13074057728609134,1.7372449595260036,-1.4301413779606327,341.1375786076725,2,42,-7.67239840201517,953
1.355637858804951,75.69886166453519,,-0.2609122661171302,0.8696059201056602,311.57660346548465,1,42,-0.6004168863420191,364
-1.1033666061738736,-133.1232953557778,-2.152890592952483,-0.7778215019707895,0.5079913269125437,177.37012825200435,0,42,5.4081139047228595,491
0.3241663524884421,2.100384163275905,-0.13014305436768459,-0.7933435137110043,-0.31026675659345604,397.35268125826633,2,42,1.128749629721708,431
1.1243533598705027,51.42547560178349,-0.3340772309799405,-0.5697286229913034,-0.062191016999311004,2983.5476182496654,0,42,0.9456714494397307,239
0.6713400764504657,-187.51724696457447,0.21319662823768915,-0.6444066819752916,-0.1601327955666404,231.28899085435646,2,42,-4.2520719663079865,304
-0.17435425790283585,56.460592589360026,,-2.1331330350705104,-0.02355215087423812,326.8375230361963,2,42,-4.662686361154659,298
0.9715709509543554,206.0747924881987,,-0.0365333499186106,-0.2489641484790735,589.9346334953041,1,42,0.07216659453639672,76
0.6116762888408679,32.4083969394795,1.030999522495951,0.9532513555945135,-0.6769220003059587,555.0958808470168,0,42,-5.705515689125631,700
-0.9175028210142636,81.87776437548607,1.0176614668435024,1.8799901722364394,-1.1225448062444139,525.6388446192406,2,42,3.1254488894500416,333
-1.2096947428411076,-197.54665663538714,0.5999287299962045,1.2753812366662514,,467.4419322048245,2,42,-3.3865849954654488,900
-0.2913155751296236,-114.6345393018688,0.3287624103034804,1.0719628272817796,-0.7542758500193579,193.30873857853396,1,42,-0.09862912292597516,999
-0.661786464768388,63.391902231801126,0.852433334796224,-0.29208955528089775,0.18645431476942764,260.82323832818815,2,42,-7.543067675016968,758
-1.4785862457798415,-221.1135309007885,1.143754043206929,1.3745005406362354,0.7708651938869668,349.5883453675899,0,42,-1.5752074737740267,642
-1.024186824329205,-12.174750838328354,1.8540925663341883,3.065868018548943,0.6308116845547775,2981.608877184743,1,42,-4.743442188520812,474
-0.42688106994742003,-169.24646297148195,,0.3798678507090812,-0.15800789857898942,283.17162405463307,2,42,-9.287825669367242,827
-0.5305011476105275,-22.096959953322298,,1.8285936130649973,0.7575077100473051,352.0746326189573,2,42,2.1673683573452696,923
0.6135179727304166,43.63236696740321,-1.0227925651984056,1.200732058961139,0.1200313267182613,2395.3147782006354,0,42,6.564638156366294,283
0.09767609854883172,-40.12204718858363,-0.7730097838554665,-0.8868760973760187,0.01259240078179486,325.6891871211775,2,42,4.517894357375785,591
-1.4018510627922809,79.10319470430468,0.5868570938002703,-0.2274540700403554,1.4027943109360992,244.6039803152102,1,42,2.726762759615219,72
0.5689830791852754,163.91168054440675,1.628396623128538,0.5412551330838805,-0.5535882417079946,572.5806856314896,1,42,-1.6564846717821828,263
1.100959634998571,-91.93845915864233,1.9583474542205939,0.050542143273255125,-0.2860042218801108,339.541734602677,0,42,3.2235609141913044,703
0.7189533106650667,-104.69109826819395,0.9960476858058164,0.2784352492291313,1.185704154662997,365.4391326257477,2,42,4.895412794294912,879
2.370652120744799,78.18228717773104,0.29698467323318606,1.4452531883427953,-1.3204566130842763,2253.5839237203527,0,42,0.5472873186851733,887
-1.2829922241885696,-4.692057887918407,0.99626681944714,-1.4070241196935278,0.07682189106025536,286.28810318735106,1,42,-4.737440689248091,942
0.1920491164900316,14.171691363990474,-0.3091164642025014,-1.2847465720757474,,684.4358345072662,0,42,-1.9975371943654843,575
-0.6516003476058171,-73.03666317171367,2.1439440893253257,1.5880238298082632,0.045571839903813784,371.4625401158743,2,42,6.810785953391745,892
-0.5069431753711298,-82.22203955664314,,-0.8771852006217002,0.24496657110872277,1418.9784412175275,1,42,-0.29897667260066557,12
-0.6500239344068982,-184.6187862238094,,-0.5272859442402204,-1.496529255090079,120.65816254382662,2,42,-13.299022879644385,141
0.09284490114111471,-12.853751143893074,0.15985639199740037,-0.3844445608243833,-0.5487249077409615,363.7438484392093,0,42,-5.875693854680774,766
1.277676821898509,71.16148780888898,0.33231401197959165,0.008310989521924439,-1.5341141707356223,271.13272792361437,1,42,-1.6977948125699258,555
0.6153674840130534,51.31057981760827,-0.9354387020445953,-1.477805657745415,0.738810480887503,2167.917778262225,1,42,4.143300953670273,17
0.13653533108273744,45.99721429391164,-0.3653215513121087,-1.103470454905235,2.013387247526623,2091.4774423946938,2,42,-1.0924894096276476,63
-1.6453987469568918,-249.94057148735732,1.0225704320096403,1.7523660915289434,-1.389572466763596,1492.275827972582,2,42,4.217726619893041,253
2.062524919243145,-40.36484632419967,-1.0675329142542729,0.19562784645692688,,442.9883687665732,0,42,-2.1046494141899568,465
-0.32602353216784113,28.97748568964129,1.2012139221639448,-0.41957220751625346,0.8711247034316923,471.64213493035595,1,42,-7.8571700889424525,376
-0.5297602037670388,-50.17570435845366,0.5132674331133561,-2.348983452782199,0.32875110965968446,540.1348051558789,0,42,-1.9662446343923383,804
-1.1430049127304835,110.55259329579839,1.633431532301096,2.370120075411808,,3656.4334498572107,1,42,1.3797800061851402,981
-1.366878698415421,-148.48979684499034,-0.22476540189268354,-1.4086127400662845,0.9343199112392737,177.7053906286028,0,42,1.047801397365253,520
0.7175422557959623,-118.3258512665775,1.502357052096028,1.4146304801365626,-0.26940683444455776,84.0747612712909,1,42,-5.020430997026542,837
2.1898029332176723,-76.73475628880495,-0.8082982853551515,-2.2123105013123388,0.18334200573835174,295.93848685482095,1,42,-1.4047848072150613,90
-0.7345915767980492,-3.5641482297483567,-0.810252437014381,0.6495530356481671,1.1647393544571714,106.24080939208167,1,42,10.738696952256294,720
-1.913280244657798,-46.34176928124623,-1.7249178325130328,1.1637336292911014,0.24196227156603412,659.6749174569273,1,42,-4.933075305187507,804
0.37405656984757213,33.08802322144571,1.2276689924732922,1.1649421031839704,-1.9937356425714554,461.69931768529204,2,42,2.6428935778549953,796
1.490726136849952,153.07508323436974,0.14866745720211155,0.02483131730217257,-0.213442870930208,1874.0758231848747,1,42,-8.386702794279183,630
2.5797093376543185,-55.74917850078336,-0.8036745679697308,-0.9650792295658486,-0.08828204835125482,417.9797738645399,0,42,3.455167298278648,861
-0.6115178029919482,-72.57438131534656,-1.4066610968482223,-0.3435295661656662,-0.7553829323533225,246.15911722051135,2,42,-3.569301560753787,175
0.7090037575885123,64.2722759867544,-0.08973569428722672,0.4958981955048043,0.19652116970147013,660.9527097643515,0,42,1.6083530328117606,76
-0.04347694981386243,104.73177066214483,,1.0034984535528646,-0.22939074406802776,372.8689121146541,1,42,-5.166102407072805,613
11.816812452650561,30.883301259896378,,-0.6279165225980826,0.24075317948856828,479.1176282461155,1,42,1.1634112007068285,926
-0.46770120131189136,-111.96698946261438,,0.34011770640464495,1.1608267873785194,91.84405723313705,1,42,-3.6346011829657523,663
-0.39963618561460235,72.23813578277714,,-0.5424680667061961,1.7269638512334051,545.6955454271277,0,42,-2.8601927318665012,400
-0.30317978283427544,-22.346598237185216,0.7999419019420501,-0.4177621265164142,-0.01941960588773261,1790.6801269025343,1,42,1.7679440255801226,782
0.18455130319703697,-55.18581458924467,1.5421099525678756,1.192672541050837,-0.5642475986573886,523.0922975760775,2,42,-1.7215419055880647,970
0.6159356069442637,-36.096616581907995,0.5931012579683838,-0.4480317240023751,-1.0810633275998973,2515.629848654331,1,42,1.5215257928652448,71
0.7600559636896026,-140.63174636718338,,1.1737269977425884,-1.5047203740310022,149.17020549304155,1,42,-0.763365274573403,180
-0.07783719701280203,-29.18112689155441,-0.18047991359062565,-1.0063043088883235,,126.14733131512358,1,42,0.26997472498909997,124
1.791596740827121,-41.18769661224674,-0.42098448082026296,0.0267583560311494,-0.4325581878196209,446.03136911631924,0,42,1.7803458854136063,381
-0.10594835430413566,-122.95495944524168,2.6443433470170348,1.5120523788539053,-0.46531045678005334,284.21031863831786,1,42,-1.4000738183645636,293
0.5436001545944323,-67.16233679380515,-0.37061433208610595,-0.019428715231372684,1.1727290192593647,319.1679668096946,2,42,-3.9841991440070963,797
1.0495527153193351,39.34853854217496,-0.535235211560568,-0.9521847427038108,0.6351718016819695,635.4687125121723,0,42,-2.1292490637191603,195
0.12557645347154225,-29.756350335999194,-0.1730718242838696,-1.3956687342846332,-0.15005558703252672,577.1533160727513,0,42,4.7805567193337435,911
3.0788808084552377,-24.90360395563783,1.1195749114345768,1.3794326700995068,,648.3595399468255,0,42,0.46469233630619877,228
-0.10960980392583083,54.628424800369956,,-0.23541562191322188,-0.4363858905265686,291.1090368901704,1,42,-3.3795938136418946,431
-0.6500025808234597,-13.125696709230471,0.16865467196672768,0.42090867829584144,-0.22485598180807856,2003.7081753338416,2,42,1.6062424335508745,942
1.1796563831498041,-180.4882100664519,-0.9043166251044086,-1.1522962357139646,0.048084946661381994,226.5931129738483,0,42,1.873262339756553,436
-1.5537587660160643,-7.576428653545989,0.8178896580250287,-0.673624787348429,,267.1838167734924,1,42,2.079996303191242,787
-1.0710536796490489,43.67385517335095,0.6802161054504494,1.627351481416616,1.235782191822154,2796.5181367033338,0,42,-3.9113488014851425,461
0.213979910734222,196.47251329163893,-0.11232804969082982,0.6468953156884244,-0.6997255079925856,516.1614725930809,2,42,-2.72956397714358,618
-0.9080240755212109,-56.22875292409727,-1.4123037013352915,-1.696803936621477,0.3142473325952739,329.82907580529786,0,42,-2.7073168655480466,21
1.0062928092144405,4.739867131641402,,0.06977921349879786,-0.38455554422982535,1683.2941121808822,1,42,-1.4425916482647672,64
-2.296180953137238,0.05279588565972928,-0.5505368494915835,0.6015900035696702,-1.4438548161335418,293.48743762731954,2,42,2.155676740574938,165
0.1895816165987434,23.836898273478514,,-0.45703833586239695,,477.56018388398667,2,42,1.1847392189240544,27
1.0536417966078395,-92.32332461109043,-0.949398888831943,-1.0614036162561062,-0.9758732529773327,87.20070239281836,1,42,1.50086782862865,311
1.7958776730955217,20.292302085129972,-0.6127886904843862,-0.24659845238013536,1.5475052013300616,1674.3172398605486,1,42,5.416076569486092,285
-0.47383934707091613,28.01611588196068,-0.014452270878279104,-0.4706528802572093,,213.5051613151747,1,42,2.755563729966519,660
1.6871416350725648,-142.22537095976742,0.8816397569494505,1.5624038025465827,-1.081548003614395,422.1202402352803,0,42,-0.5672064999843496,281
-0.5041798310076715,119.2507512477975,-0.08152267310164589,-0.23411891878875463,0.31965182591897723,459.9916956385873,0,42,-4.735540704209998,838
-0.13958962815517376,99.80101098596522,1.1081828167375165,0.10251037839603927,2.0883747047807275,197.9213073594749,1,42,-2.858188033883481,831
-2.6042138566271342,36.363188262496784,0.19894814679649453,0.7677973473111902,-0.42076179368105326,529.4453971935314,0,42,-1.0468202707129077,164
-0.42924442029866183,153.34337012963255,0.5885532697707198,-0.671288033614771,-0.2666523292344148,528.1978927819763,0,42,3.316519309344455,898
1.5945050632249722,1.5579047581467533,-0.8469613483183278,1.3373094824695513,-1.4400508825942944,804.6789332513447,1,42,-0.10932773642437348,918
-0.221253623585772,-196.63565893760017,-0.27681329988892067,1.3610457236690658,-1.1032083657216831,1673.5713161723183,2,42,-2.6247838195537727,224
0.8840453963610497,-2.1367294348436157,0.7368438970924334,1.102970594594962,-2.4242402602729416,235.75828079094015,1,42,-2.9315715429089035,784
1.3454200461549777,-79.04744554453119,1.593186626639397,1.7038803231314197,1.8820244964750337,587.1237836592456,0,42,-0.27831283568490467,146
-0.9075636620415979,27.045682577983882,,0.38244141781929847,-0.23894804686640975,477.60828302421226,0,42,3.5599502488684,965
0.9191541736100015,-64.62273098438031,,-0.4890947859189071,-1.19363683175648,477.33159345040264,2,42,6.364077223100469,950
-0.21113023882769444,-89.11922254152874,,0.2973096456808423,-0.7191533192424201,245.66734613455515,0,42,-0.8230743921186706,868
-0.1599385299634271,31.090756559800457,,-0.9231326104578483,0.8576596232020194,654.158450248913,0,42,-0.17897272305039238,30
-0.6095122021592831,-131.18362323501594,-0.186971302985446,0.3542413760518244,-0.30522470435466764,582.0869139280934,1,42,-4.855766824629532,45
-1.6127158711896517,231.46585666735086,,0.8678469430312954,,247.37168422292478,1,42,7.756770276397865,787
-0.6469367777055739,139.9355436586002,0.6982233136135899,0.1804925499075375,0.05963036992017413,451.206860704526,1,42,-5.604011352624336,471
-1.2767485758203094,42.96182191325858,-1.0810565404082624,-1.4599470264813292,0.27157883719537346,480.9634275243543,0,42,4.686649247122202,34
5.400498344559294,-62.31405264247643,,-1.2124770246479097,-0.6373871273065177,487.1830468717208,0,42,-1.4613438120498827,653
0.7591551603026468,-117.01130260593595,-0.5765104007267194,0.9967469129843154,,635.503905858335,2,42,-2.397465975361276,427
1.2004139079444254,18.46803058649084,-0.6568942789713957,-1.041179457019328,-0.9716140385106515,442.0669070943564,0,42,-4.440014287543707,830
0.9356783931474612,-77.78166875908752,,-0.19873903601662316,1.7522704434236227,1641.1347507264022,1,42,9.640194597628534,886
0.9638791167949097,-12.982069973342616,2.2105230015913513,2.068573986268807,-0.14700200162848862,448.75632951199424,2,42,0.8859664931135776,221
0.8384907744516419,38.85786045309641,0.08182935854756501,0.34767112972798664,,3857.323796911105,1,42,0.08512174841625347,868
-0.5830774385689385,30.740669780910075,-0.1671217137864115,0.6128627246519407,,322.62242468419356,1,42,3.5469294382181698,534
-0.04015795064434341,144.01172154494728,-1.4307751021180481,-1.5239500015327672,1.8009404329108156,11571.135858355188,0,42,-2.6033309025198528,692
-7.133194272829796,17.989415115347846,-0.9896281365703375,-1.9303704477271832,0.918316606002313,305.54498562358026,1,42,0.007383820924022975,948
1.6122782579886454,137.36585451629577,1.3149144535840473,-0.26173374610507816,0.9528745472029388,567.1408834858412,2,42,0.2253451472484837,367
1.5284684264125317,92.78401280812372,0.5078357562896237,-0.1729866278111475,0.26859227886325693,494.982447858053,2,42,-2.048582929392533,932
0.36728731340134063,108.59821161750322,1.8381836767951225,0.5186964667614741,,633.9373640760692,0,42,4.798552316743656,841
1.3728484746765302,-19.00390350014945,-2.211861911329507,-2.0731062343713638,-0.18039168176240783,432.75408436546405,0,42,-0.8746176459836166,743
0.20726732939894396,-144.96452196985302,0.06934433703625043,1.363054280388983,-1.0039573720814985,179.63433358623658,2,42,-6.212528213475318,915
0.9163276747024814,-8.071658010858233,0.3464884758979927,-0.10008742516529479,-1.9982006845321076,380.63116300842285,2,42,-1.205989454083495,550
0.8113965544915921,134.04610517903478,-1.1482632887526183,-1.2962614923366513,0.8297324178791745,2268.008786483642,2,42,0.9967146868555893,582
-2.198805956620082,-55.519952669319835,0.4400144500533324,0.33561278378687753,-1.448013900416244,524.2391465502438,0,42,-3.5739729355504335,116
-0.8874921778021001,64.82804338438591,-0.43745830032341043,-0.7555916314707946,0.41953244390702776,258.6814957597519,1,42,-3.2583791726817557,239
-0.4263575962055433,319.3107567844861,1.1484457091967548,0.8513653316392098,-0.7517910500951843,661.0898520225813,2,42,-2.1850361525041624,335
-0.2628908292082677,241.26154216129157,0.02246589281204638,0.5588419367309836,-0.01926037973439464,502.9837040783765,1,42,4.884942640267842,441
-0.0332299906444608,36.15035252061016,-0.2081168572725397,0.7182575689452821,0.10855970577652314,192.66849533550788,1,42,-1.9486320905828245,148
-0.6414815952229522,51.308542009729294,0.43192254467394064,1.348751235478176,,596.8480718177136,0,42,5.716468074204124,9
-1.2899608997410539,-165.48566718657693,-1.295078772063616,1.0207892030801269,,113.86800686042258,1,42,-2.459801752593343,288
-1.5625458568865427,-28.13275571182134,,0.5693594461724379,0.5159392177040995,434.18005278313905,0,42,1.3000565450261676,388
0.501782736167545,-15.589817793666752,1.1173988159024608,3.1283979540712776,,255.69915872211288,1,42,-1.7849706968790047,50
0.08228398927542419,-148.5560373036972,1.0654803750653512,0.07590249199263799,0.889630795623437,1690.4445960053213,2,42,3.0163326811618885,850
0.49097495163825133,28.257995048829965,0.7348777860498175,2.679187131264439,1.6073455760199926,320.6179949617522,1,42,-4.473096618261117,517
0.1946074552372427,4.360244637245373,-0.7424705856980482,-0.9743525227780289,-0.622649361734452,455.9245363236608,2,42,2.971437918308926,916
2.0923872756854602,9.699596499271818,-1.006017381499702,-1.086832835962797,-0.8182206832334725,575.2015647314965,0,42,0.4554776012387351,855
1.7654542402810969,-33.45012358409484,0.40498171096095553,0.20411282134589098,-0.6533292325737119,2022.4749722826764,1,42,-2.5599672671097964,638
0.8968393158655319,-48.30610516834395,,-0.21862071115873113,1.6122206282554243,365.7987668863858,2,42,-0.6648859388406024,587
1.0299608175811612,48.47328172944748,-0.33477533210654087,-0.18197986895872956,-0.643549832317462,497.1298000324627,0,42,6.1354197641287,677
-1.1165244399486591,153.37277099164993,,-0.5800280024884393,-1.7073579575929467,574.5079208496956,0,42,0.5513780195231338,278
0.3696421921980939,69.69544045107357,-0.10730214400422888,0.7441204578679889,1.1731246375866413,326.98257882506505,1,42,-2.810912063650555,954
0.06167984984797165,20.056919723094286,0.42881650033057295,-0.20978183435672126,-1.015821818978397,619.7773160588416,0,42,-4.818773131312451,836
-0.025574312191994436,275.9660038911078,-1.7690759048891183,-0.7596503256584031,-0.5089636257074988,3600.648746564583,2,42,2.0216170937239886,989
1.0760071385985983,-75.1969331738819,0.02131164867194222,1.5447729384613182,-0.796025856803489,1601.6059791982545,2,42,0.7833809880427421,300
-0.4689818405917163,148.98634386020822,-1.6431888111541673,-1.6716534187310736,-0.828497024780246,214.15382281339862,1,42,2.780082780352894,802
-1.7787202489042786,187.6795812558066,1.496044311489183,1.9912188671705238,-1.244654703311417,592.4546168346591,0,42,-5.848898958759369,589
-0.13944627568099954,-31.607285602704977,-0.4501892648514116,0.19900787702205536,1.2038844371688162,270.1529638104355,1,42,-4.689041811566,810
0.0341524174880246,34.767648353833636,-1.0872459388628026,1.3830901311295078,-0.6757080791616118,1648.9633622877077,2,42,4.587516797007598,649
-0.8756182533847572,53.891004368465865,-1.382799730964336,-1.611070349616419,-0.1903386780836082,404.3141848648662,0,42,1.3253665871173623,618
0.6354180302092264,-19.382613877280352,-1.2392583948534726,-0.1963350990769941,-2.0038623644067535,177.3324025024071,1,42,2.1336034049502475,607
-0.9399031011088647,-160.75598643689742,0.8294748419317485,-0.9624312182311543,-0.7691423497872982,73.93949764201781,1,42,-3.850748128431813,135
-11.638087714089936,-51.321356647158524,-0.19102776260016902,-0.6486806208169482,-0.9943493746085122,996.5360831942221,1,42,-3.9239487933156743,580
-1.77623523289832,26.125053123385605,,0.353392837596908,0.14338846734225108,1168.0344304275864,0,42,3.9650346327683543,147
-1.1388331177807691,32.67447646023201,1.0391117874202687,2.224449399025996,0.6222071440434019,2529.1365567510506,2,42,4.1535106190605955,490
1.6744924333475373,43.95012306202264,,-1.2259333649842028,0.4577728661518858,651.5681517567053,0,42,-4.353277948116215,478
0.8135096360006385,-21.76812032272203,1.305478807154329,1.8304736864645736,,3243.5921761651553,0,42,-5.1174819834113805,159
-0.3276621465977682,9.707754934804038,-0.39210815313215763,-0.37690997898868506,-0.7020530938773524,2441.7108765610546,2,42,-0.4343718828497768,384
0.7083038472010638,80.04095252276822,0.3514482075415829,-1.2403690873590463,1.188913371474643,520.6156494412486,2,42,-3.197393813504025,163
0.7796605322693398,-110.57046684859357,1.3103087461196083,1.2298338428444766,-0.30803428418574125,461.7185103543476,0,42,-3.280707516184102,441
-0.48536354782910346,75.89692204932675,,1.7091612329782118,-0.23681860674000887,505.56517490920265,0,42,-5.00551298570957,853
-0.1681438185847896,-54.26737997340217,-0.47209057769712737,-1.4980951220693188,-0.620847598251116,379.8577228545936,0,42,-1.873735393121467,189
-0.6537663386488198,-177.30324682068814,-0.5956612940434921,-0.5864667506049772,-0.9057323008626189,396.8214943424025,0,42,-4.618778970531464,415
-1.1962066240806708,-47.91742378452899,0.812525822394198,-0.3366183267242078,-1.1063349740060282,1756.3025794774605,0,42,-4.381603612036947,339
0.6955377575657775,66.87416555925127,,-0.4685829319100158,-0.387099702474401,542.773157437183,0,42,1.193567386265218,607
-1.2376624223272978,7.595526791608741,,1.4321701435246332,0.4822489526806572,296.85274295057155,1,42,-0.22079293714950604,181
0.8901984111247868,-75.84953347000695,1.0352493347237526,0.5566749922876195,-0.9242331442683044,1934.318022339062,2,42,1.9395147261285273,288
1.0857863249393471,-150.2970328395153,,1.4015657375153268,,193.6747992969731,1,42,-6.596133741397225,834
-0.5397596803093615,-18.398333635267914,-0.7783047254023127,0.48641026760973627,0.34758170536167105,203.8455234734629,1,42,0.039522439319052596,187
-1.4026052717996935,4.059169120388238,1.7495767431869393,1.0369234810651036,,493.3043395412021,0,42,8.302550168663352,884
0.8496020970210246,-20.812225035727522,,-0.5025994606062325,-0.5893647569442115,332.993726679158,2,42,-1.4890899371423965,138
-0.22096417382966393,-115.83646891925427,,-0.895998806814502,0.8773622905756714,386.2687151663564,2,42,3.2989960262891915,130
1.1260502507721681,-36.961033604363394,-0.05139372358848624,-0.9719961730641932,-0.029262813684978354,390.7669465785956,2,42,3.2640273950976932,194
0.00511345664246089,-146.35149481321184,-0.23458713337514692,0.16553768780772557,0.26105527217988933,1347.7396180915441,2,42,3.4607944320051023,316
-1.4247481862134568,146.5648768921554,-0.5443827245251827,-0.4552914948351118,0.06752820468792384,412.20270861109253,2,42,0.6666467482292914,984
-1.86653661707306,-114.1689114133505,-0.08268068584269925,-0.689749983603366,-0.7168223206028049,455.7112872091924,1,42,2.2643439309768567,785
0.09965136508764122,219.04556258099785,-0.5034756541161992,-1.9515434454162381,,2987.8765239009035,0,42,2.796054480052022,864
-0.4532484090230134,-122.07124259141587,1.4524675344707454,1.2681527953988083,-0.14778031881747153,143.7047742181734,1,42,2.541784113257431,144
9.432563596773646,-34.86521344078592,0.38193545223155334,-0.16400381727609048,-0.3216350512173826,372.7740166652054,2,42,-4.4696726940535845,16
0.5054701591666269,80.71225966373103,1.0602099074988798,0.6528702304170099,0.47635776935621926,411.61212904986917,2,42,-6.829537930175947,302
-0.9594392367234797,122.10336955253528,,0.3046618286980817,-0.22648409884983192,345.3029903656399,1,42,-6.214334173659228,423
1.276261579916086,-195.20877995225018,-0.6226995198205938,-2.9999624772443383,0.5883172064845765,979.8701383128429,0,42,-1.0806399695306548,245
-0.047711356141979855,78.58001586508323,-0.0036025390905684044,-1.5361566349815794,-0.966976143129213,346.80397827073705,1,42,2.3757069376905777,927
-0.600638689918805,11.092258970986608,-0.2916937497932768,2.063088076970567,0.37569801834567196,261.4588430412982,2,42,-4.4176451100463385,107
0.8128621188389601,-69.29095952606542,0.6296288419236122,-0.0029074331607279458,0.30729952087660933,302.5933941550762,1,42,3.695881834337616,88
0.007063158628176452,57.52050161065662,,-2.517433102397529,0.04977368718096008,303.9018865818458,1,42,-2.0091006980315447,129
0.41379909745149823,-118.75984190295128,-0.1852876588777083,-1.5981703066184192,0.6337768809320985,431.807724152452,0,42,-1.9710208447763156,907
0.1973157074055956,96.53974845911706,,2.4844673686414334,0.08865759096143744,420.3867704708721,1,42,-3.3444279835184014,887
0.5432980290363879,12.522450264790727,0.04886007032570433,-0.6639094040092766,,348.78746240162155,2,42,-7.539145436065095,341
1.1906462747863413,16.057398104986458,,1.1590152448971567,0.43693816974634986,12568.167409348498,1,42,0.917256513738588,4
2.165002344901084,132.81941418490578,,0.1211179983372052,0.45588777208160763,548.1746768838209,2,42,6.850670851354276,327
0.7660802783846903,46.877425607502374,,-0.4849670374989711,,295.9918695147414,1,42,-0.2506580941302535,410
0.39913611435207086,21.10174672026184,-0.037634702424848364,0.7453377088232139,-0.5449190868089497,261.2122341547824,1,42,-7.40252656677941,879
-0.181224173218103,-35.834015202122224,-0.649373038321426,-2.903855106013429,0.7441919714999368,433.2048298346117,0,42,3.1213712464657846,306
0.3227185603380895,-100.25293646378088,-0.827230943552323,-2.1029173746984613,-0.2886586389201383,262.57662490678325,2,42,-6.499191960411957,908
0.31978193414253697,10.53755061459599,-1.5929937335316693,-1.7667459989648964,-0.6013676439512137,134.48598837673217,1,42,-4.836137587956742,607
0.36163602504763415,135.6240028570823,-0.6451197546051243,-1.8590002019537077,1.0035328978920242,347.19218455923595,1,42,-0.9533526892542835,721
-0.09858813228426173,44.194064956940906,0.018849622944847662,-0.5656980901480935,1.41093237974627,237.37676805900975,1,42,0.4913737541607919,225
0.19655477651157463,-18.687164416135904,1.0318445394686349,1.6791886772577358,1.4469778843537329,2211.1547422066305,2,42,-4.034656004667314,971
1.085895565831578,-89.84679817910373,0.4746982328799528,0.5118953076399432,-0.009118996644203544,2104.288228959993,0,42,-1.109264226263922,348
0.24395319790850026,16.476084123651674,-0.22320225463480511,1.1520552318017452,0.1733416643704082,384.16324948900285,2,42,2.8606496030427384,992
0.9504238381860503,15.039378647620763,,0.1953752843517444,1.8761708392158862,575.9756694743436,0,42,3.4087155392320736,321
0.324359281721603,40.37300903366094,-1.1790397911598025,0.0492289985666845,-0.9037018607301281,244.22420902856658,1,42,5.005825687257058,559
0.39069592092814415,27.1495310825648,,-0.06407030012849757,0.3405892164004968,545.1811860376513,0,42,7.637674609173975,988
0.743264094022715,30.78017688920592,0.17086543812794186,-0.45358313285742924,-1.348185422105713,178.846068628686,1,42,3.239557286644467,181
-1.4084612963635597,-52.27230205190395,-1.5566291735239037,0.23526471672276528,,196.66458626115968,1,42,-0.8669460576169616,618
-0.5138669173366935,66.96725488300385,-1.0592135218889516,-1.556721105447228,-0.9398797863273552,536.3863988184985,0,42,3.43725516449189,711
-0.5182702182736474,-21.967188783751194,,0.34384482312429937,1.477894044741516,243.4885727022147,1,42,1.8668649360207283,386
-0.9730689408815555,-1.5309849172995558,1.1965715016644913,1.7261545645560663,,400.6962204381483,2,42,2.025467910105018,618
-0.7309300399419191,-17.69472274940494,-0.033126972873797095,0.814991126171819,-1.3793192280145272,390.9004638468012,0,42,0.7088751402867417,792
-0.2070511211762539,-107.00847663261526,0.24333944932269183,-0.9707711107618661,-0.6919080698812444,159.44078199129942,2,42,-3.648216408615626,772
-1.3281860488984305,-122.08436499710223,0.19686123586912352,1.2094393945235646,-1.9596701238797756,1050.9701007175977,1,42,-4.1123856312877205,108
0.22445181855997204,157.39867632900328,1.0470983026121545,-0.1412766040175465,-1.4643748802098202,2515.3686058092726,1,42,-0.3884728043005705,531
-0.8612842013282637,-0.7972641316617372,1.5231240772696573,2.0292029171657195,,622.5375494699249,0,42,0.5956403033854878,410
-0.42018681709585726,145.3384477117701,-0.2817846088605072,0.3097457839606932,,3916.234668235552,0,42,-2.717763691726852,971
0.25755039072276437,40.40508568145384,-0.07444591576616721,0.7590739291669647,0.17457781283183896,3708.5615446850597,0,42,1.6933677944343015,296
-0.03850846950070721,168.39276914578687,-0.17262729994081963,-1.3431053610516832,1.0786808334312956,616.7306205506352,0,42,8.323063616156757,818
-0.9224101844985025,-23.893209916969433,,0.5879297427343916,-0.3917581490438219,1919.0561053147871,0,42,-6.97732287711303,171
-1.308820399119112,5.9932630266328255,-3.0195121558208253,-1.3300160482484886,1.360658595838651,176.22523281458825,1,42,2.328977910255043,331
0.7153813154412441,54.711911517520996,0.7181857257079345,0.7679443637280883,1.114321694668872,380.4305018701675,2,42,-0.2638984835632408,493
0.6454841811410754,4.643654815614881,2.16325472330546,0.9119870990397914,0.7462535660272207,362.820740004592,2,42,1.8026222213386192,195
-0.7837656655863965,26.348721533105955,-0.6905410523162594,0.3673147724749827,-0.234407800316322,1904.9869397368914,1,42,-1.7228588018411648,12
1.4437646040732595,-24.123605785632986,-0.0821511783925688,0.04819868538671479,-1.251539424190444,522.6493222986635,0,42,-0.584239540188668,195
-1.0147567306928669,-37.912774098748706,-0.6492775450660071,-2.1938662998805016,-0.5816809139486437,392.66853723416136,0,42,0.5180018040323964,490
-0.7991920066502536,-18.289644110484016,-0.4827435221820324,-1.2823842800622862,-0.6459641791245353,287.98996408109144,1,42,-1.2065355341410424,795
0.23924686411114954,-197.92998103757878,2.0740826697499735,1.1329716045730052,-1.0727430257398065,1824.363332902436,0,42,-6.082165269479595,881
0.2544208433012131,8.658978747289991,0.3376026620752022,1.7759004172998183,,286.5234969362617,1,42,-0.9356601225778126,182
0.5629692366905709,92.61775475316414,-0.6506425691218269,0.8096690310087528,-1.3985675738191412,434.14613520503815,1,42,-5.665734512784776,962
0.058208718445999896,38.531737972883676,,1.326968531056676,0.1537251059455279,191.32007293673166,1,42,2.612772442321238,817
0.032004149065766624,29.92925804064919,-0.7534178703461835,-0.3703740185930804,1.5615111967268527,361.9575702026408,1,42,-7.462180404312489,656
-1.3631740045928105,-159.81243518837476,0.18970616761039566,1.0653597258675156,2.0243096232868525,238.88417509964572,2,42,4.114617517823559,898
